{
  "drive": {
    "p": 0.0150645,
    "i": 0,
    "d": 0,
    "f": 0.15,
    "iz": 0
  },
  "angle": {
    "p": 0.009775,
    "i": 0,
    "d": 0,
    "f": 0.0,
    "iz": 0
  }
}